{
  "train_loss": [
    0.5263918407304943,
    0.3950043453764149,
    0.29190151060098096
  ],
  "val_loss": [
    0.4327975206596907,
    0.41289620829183,
    0.45472288287656254
  ],
  "val_precision": [
    0.7997513549030199,
    0.836975645469885,
    0.825872342814405
  ],
  "val_recall": [
    0.7920937042459737,
    0.8272327964860908,
    0.8169838945827232
  ],
  "val_f1": [
    0.7949142088695945,
    0.8302239759709708,
    0.8199032863609141
  ]
}