{
  "model_path": "models/xlm_roberta_clickbait",
  "dataset_path": "data/clickbait_dataset_vietnamese.csv",
  "test_set_size": 683,
  "per_class_metrics": {
    "non_clickbait": {
      "precision": 0.9018264840182648,
      "recall": 0.8404255319148937,
      "f1": 0.8700440528634361,
      "support": 470
    },
    "clickbait": {
      "precision": 0.6938775510204082,
      "recall": 0.7981220657276995,
      "f1": 0.74235807860262,
      "support": 213
    }
  },
  "weighted_metrics": {
    "precision": 0.836975645469885,
    "recall": 0.8272327964860908,
    "f1": 0.8302239759709708
  },
  "other_metrics": {
    "sensitivity": 0.7981220657276995,
    "specificity": 0.8404255319148937,
    "roc_auc": 0.8848366796523822
  },
  "confusion_matrix": {
    "true_negatives": 395,
    "false_positives": 75,
    "false_negatives": 43,
    "true_positives": 170
  }
}