{
  "train_loss": [
    0.5216286627695574,
    0.3438780664177666,
    0.211645749119813
  ],
  "val_loss": [
    0.458199352719063,
    0.46608902063480645,
    0.5888038014256677
  ],
  "val_precision": [
    0.7778853510073397,
    0.7989539194681148,
    0.8026795504071341
  ],
  "val_recall": [
    0.7847730600292826,
    0.8038067349926794,
    0.7979502196193266
  ],
  "val_f1": [
    0.7790031883616302,
    0.8000707359142015,
    0.7998578804710921
  ]
}