{
  "train_loss": [
    0.4882259410724305,
    0.33662920588986917,
    0.2570463953136701
  ],
  "val_loss": [
    0.4411083906888962,
    0.43119348169759264,
    0.4625393537761167
  ],
  "val_precision": [
    0.7996698011528265,
    0.8299073083996908,
    0.8389408828675613
  ],
  "val_recall": [
    0.8052708638360175,
    0.8316251830161054,
    0.83601756954612
  ],
  "val_f1": [
    0.7966329191152667,
    0.8306065939374604,
    0.8372036729784891
  ]
}