{
  "model_path": "models/phobert_clickbait",
  "dataset_path": "data/clickbait_dataset_vietnamese.csv",
  "test_set_size": 683,
  "per_class_metrics": {
    "non_clickbait": {
      "precision": 0.8617886178861789,
      "recall": 0.902127659574468,
      "f1": 0.8814968814968815,
      "support": 470
    },
    "clickbait": {
      "precision": 0.7591623036649214,
      "recall": 0.6807511737089202,
      "f1": 0.7178217821782178,
      "support": 213
    }
  },
  "weighted_metrics": {
    "precision": 0.8297836326312332,
    "recall": 0.8330893118594437,
    "f1": 0.830453256087108
  },
  "other_metrics": {
    "sensitivity": 0.6807511737089202,
    "specificity": 0.902127659574468,
    "roc_auc": 0.8764958545599839
  },
  "confusion_matrix": {
    "true_negatives": 424,
    "false_positives": 46,
    "false_negatives": 68,
    "true_positives": 145
  }
}