{
  "model_path": "models/visobert_clickbait",
  "dataset_path": "data/clickbait_dataset_vietnamese.csv",
  "test_set_size": 683,
  "per_class_metrics": {
    "non_clickbait": {
      "precision": 0.8387096774193549,
      "recall": 0.8851063829787233,
      "f1": 0.8612836438923396,
      "support": 470
    },
    "clickbait": {
      "precision": 0.7112299465240641,
      "recall": 0.6244131455399061,
      "f1": 0.665,
      "support": 213
    }
  },
  "weighted_metrics": {
    "precision": 0.7989539194681148,
    "recall": 0.8038067349926794,
    "f1": 0.8000707359142015
  },
  "other_metrics": {
    "sensitivity": 0.6244131455399061,
    "specificity": 0.8851063829787233,
    "roc_auc": 0.8572869843172509
  },
  "confusion_matrix": {
    "true_negatives": 416,
    "false_positives": 54,
    "false_negatives": 80,
    "true_positives": 133
  }
}